Open,High,Low,Close,Datetime
49.15,53,48.65,50.4,24.00-8.00-20.00 10.00:35.00
49.15,53,48.65,50.4,24.00-8.00-20.00 10.00:35.00
47.95,50.75,46.4,48.9,24.00-8.00-20.00 10.00:30.00
49.9,51.2,47.75,47.95,24.00-8.00-20.00 10.00:25.00
45.4,50.85,45.35,50,24.00-8.00-20.00 10.00:20.00
45.5,47,43.2,45.45,24.00-8.00-20.00 10.00:15.00
51.25,52.7,45,45.6,24.00-8.00-20.00 10.00:10.00
48.6,51.7,47,50.75,24.00-8.00-20.00 10.00:5.00
52.25,52.75,47.95,48.2,24.00-8.00-20.00 10.00:0.00
54.65,60.65,51.35,52,24.00-8.00-20.00 9.00:55.00
57,57.5,54.3,54.5,24.00-8.00-20.00 9.00:50.00
64.4,67.2,56.3,57.05,24.00-8.00-20.00 9.00:45.00
70.35,70.8,61.35,64.35,24.00-8.00-20.00 9.00:40.00
80.9,83.15,69.4,70.9,24.00-8.00-20.00 9.00:35.00
88.8,92.7,77.85,80.55,24.00-8.00-20.00 9.00:30.00
88.95,95.7,86.6,89.4,24.00-8.00-20.00 9.00:25.00
88.75,93.1,82.2,89.05,24.00-8.00-20.00 9.00:20.00
95,108.25,84.7,88.55,24.00-8.00-20.00 9.00:15.00
122.6,126.3,122.05,124.65,24.00-8.00-19.00 15.00:25.00
117.3,125.6,117.3,122.7,24.00-8.00-19.00 15.00:20.00
124.6,124.7,115,117.95,24.00-8.00-19.00 15.00:15.00
124.5,131.5,121.65,124.75,24.00-8.00-19.00 15.00:10.00
119.85,129.2,119.6,123.3,24.00-8.00-19.00 15.00:5.00
113.8,122.45,113.8,119.05,24.00-8.00-19.00 15.00:0.00
110.85,114.4,106.65,113.5,24.00-8.00-19.00 14.00:55.00
115.6,115.95,108.45,110.2,24.00-8.00-19.00 14.00:50.00
113.35,115.8,111.2,115.35,24.00-8.00-19.00 14.00:45.00
114.35,117.4,109.95,113.1,24.00-8.00-19.00 14.00:40.00
118.35,118.45,113.25,113.55,24.00-8.00-19.00 14.00:35.00
113.95,125,112.35,118.15,24.00-8.00-19.00 14.00:30.00
116.9,119.9,113.4,113.4,24.00-8.00-19.00 14.00:25.00
124,127.3,116.15,116.5,24.00-8.00-19.00 14.00:20.00
130.55,130.75,122.05,124.35,24.00-8.00-19.00 14.00:15.00
126.6,133.7,125.7,130.25,24.00-8.00-19.00 14.00:10.00
129.4,131.25,123.35,126.7,24.00-8.00-19.00 14.00:5.00
134.35,139.45,126.2,129.65,24.00-8.00-19.00 14.00:0.00
128.7,141.3,128,134.25,24.00-8.00-19.00 13.00:55.00
141.6,146.1,128.2,128.95,24.00-8.00-19.00 13.00:50.00
142.9,153.45,138.65,140.1,24.00-8.00-19.00 13.00:45.00
140.75,146.9,137.3,143.05,24.00-8.00-19.00 13.00:40.00
133.35,144.7,131.3,141,24.00-8.00-19.00 13.00:35.00
141.35,141.35,129.45,133.4,24.00-8.00-19.00 13.00:30.00
126,139,123.9,139,24.00-8.00-19.00 13.00:25.00
112.65,126.35,111.35,125.8,24.00-8.00-19.00 13.00:20.00
117.1,117.1,108.6,112.75,24.00-8.00-19.00 13.00:15.00
124.55,125.4,116.05,117.1,24.00-8.00-19.00 13.00:10.00
121,125.2,118.25,124.3,24.00-8.00-19.00 13.00:5.00
127.4,127.55,115.6,120.65,24.00-8.00-19.00 13.00:0.00
122.2,129.75,121.35,126.8,24.00-8.00-19.00 12.00:55.00
129.25,131.75,121.6,121.9,24.00-8.00-19.00 12.00:50.00
136.5,138.45,127.35,129.3,24.00-8.00-19.00 12.00:45.00
135.65,138.45,130.15,136.55,24.00-8.00-19.00 12.00:40.00
143,145.1,134.55,135.4,24.00-8.00-19.00 12.00:35.00
147,149.3,133.2,143.05,24.00-8.00-19.00 12.00:30.00
138.4,148.6,138.4,147.45,24.00-8.00-19.00 12.00:25.00
135.1,145.85,132.5,137.9,24.00-8.00-19.00 12.00:20.00
138.45,143.8,134.35,135.3,24.00-8.00-19.00 12.00:15.00
134.1,141.8,134,138.5,24.00-8.00-19.00 12.00:10.00
128.65,134.45,125.9,133.4,24.00-8.00-19.00 12.00:5.00
127.65,142.85,126.6,129.15,24.00-8.00-19.00 12.00:0.00
130,132.8,124.9,127.7,24.00-8.00-19.00 11.00:55.00
132.6,139.15,129,129.8,24.00-8.00-19.00 11.00:50.00
128.3,139.75,125.55,132.7,24.00-8.00-19.00 11.00:45.00
126.9,133.25,122.1,128.2,24.00-8.00-19.00 11.00:40.00
125.7,132.3,117.45,126.3,24.00-8.00-19.00 11.00:35.00
125.1,130,119.85,126.75,24.00-8.00-19.00 11.00:30.00
137,139.75,125.4,125.4,24.00-8.00-19.00 11.00:25.00
142.65,142.65,126.15,137.95,24.00-8.00-19.00 11.00:20.00
157.65,161.55,130.1,143.2,24.00-8.00-19.00 11.00:15.00
172.25,175.6,156,156.1,24.00-8.00-19.00 11.00:10.00
163.7,174.55,160.35,173.4,24.00-8.00-19.00 11.00:5.00
156.6,179.75,152,165.25,24.00-8.00-19.00 11.00:0.00
158.1,160,151.2,157,24.00-8.00-19.00 10.00:55.00
153.7,164.5,153.15,157.2,24.00-8.00-19.00 10.00:50.00
147.65,160.55,142.45,153.6,24.00-8.00-19.00 10.00:45.00
157.9,162.15,144.4,148.35,24.00-8.00-19.00 10.00:40.00
159.8,160.65,148.15,157.4,24.00-8.00-19.00 10.00:35.00
155.95,162.45,139.95,160.3,24.00-8.00-19.00 10.00:30.00
150.05,170,148,156.65,24.00-8.00-19.00 10.00:25.00
141.6,152.45,137.2,150.35,24.00-8.00-19.00 10.00:20.00
136.05,146.5,129.1,142.05,24.00-8.00-19.00 10.00:15.00
123.65,140,122.55,135.6,24.00-8.00-19.00 10.00:10.00
125.95,129.95,118.3,123.75,24.00-8.00-19.00 10.00:5.00
124.65,129.5,114.9,125.95,24.00-8.00-19.00 10.00:0.00
131.6,137.5,124.3,124.9,24.00-8.00-19.00 9.00:55.00
117.75,136,116,131.85,24.00-8.00-19.00 9.00:50.00
112.9,118.15,106.55,117.85,24.00-8.00-19.00 9.00:45.00
119.25,119.5,107.3,113.5,24.00-8.00-19.00 9.00:40.00
119.25,128.5,116.2,119.95,24.00-8.00-19.00 9.00:35.00
127.05,127.5,112.25,120.65,24.00-8.00-19.00 9.00:30.00
120,130,119.9,128.95,24.00-8.00-19.00 9.00:25.00
110.75,122,109.55,120.05,24.00-8.00-19.00 9.00:20.00
111,113.25,94.5,109.6,24.00-8.00-19.00 9.00:15.00
145,145.5,135.4,136.15,24.00-8.00-16.00 15.00:25.00
148.45,151.5,139.45,144.4,24.00-8.00-16.00 15.00:20.00
138.3,148.55,138.25,147.45,24.00-8.00-16.00 15.00:15.00
141.95,150.45,134.4,137.5,24.00-8.00-16.00 15.00:10.00
154.75,160.9,140.3,140.95,24.00-8.00-16.00 15.00:5.00
165.35,171.3,151.1,154.55,24.00-8.00-16.00 15.00:0.00
171.45,174.9,163.9,165.3,24.00-8.00-16.00 14.00:55.00
177.95,178.2,167.55,170.65,24.00-8.00-16.00 14.00:50.00
180.7,183.5,172.05,178,24.00-8.00-16.00 14.00:45.00
177.45,185.25,176.75,182,24.00-8.00-16.00 14.00:40.00
180,180.65,167.35,178.4,24.00-8.00-16.00 14.00:35.00
169.55,180.4,169.3,180.4,24.00-8.00-16.00 14.00:30.00
165.8,172.65,165,169.4,24.00-8.00-16.00 14.00:25.00
167.1,177,160.95,166,24.00-8.00-16.00 14.00:20.00
164.75,170.85,163.25,165.45,24.00-8.00-16.00 14.00:15.00
173.8,179.3,163.35,165.4,24.00-8.00-16.00 14.00:10.00
180.6,184.2,171,174.75,24.00-8.00-16.00 14.00:5.00
185.5,187.25,176.05,181.6,24.00-8.00-16.00 14.00:0.00
187,195.8,184.55,186.4,24.00-8.00-16.00 13.00:55.00
185.6,187.5,179.75,187.3,24.00-8.00-16.00 13.00:50.00
196.5,197.4,178.55,185.45,24.00-8.00-16.00 13.00:45.00
204.35,204.9,192,196.4,24.00-8.00-16.00 13.00:30.00
211.7,220.7,204.3,213.6,24.00-8.00-16.00 13.00:25.00
206.8,218.4,206.8,211.15,24.00-8.00-16.00 13.00:20.00
212.6,213.75,202.7,206.05,24.00-8.00-16.00 13.00:15.00
211,219.75,206.9,213.6,24.00-8.00-16.00 13.00:10.00
205.25,217.2,202.65,211.8,24.00-8.00-16.00 13.00:5.00
224,226.45,201.65,204.6,24.00-8.00-16.00 13.00:0.00
227.8,232.45,221.85,223.5,24.00-8.00-16.00 12.00:55.00
226.9,234,222.8,228.1,24.00-8.00-16.00 12.00:50.00
230.05,240.2,225,226.75,24.00-8.00-16.00 12.00:45.00
223,231.5,219.45,229.95,24.00-8.00-16.00 12.00:40.00
231,231,216.45,222.7,24.00-8.00-16.00 12.00:35.00
233.85,233.85,214.2,230.35,24.00-8.00-16.00 12.00:30.00
243.95,243.95,230.8,233,24.00-8.00-16.00 12.00:25.00
235.15,250.55,229,244.4,24.00-8.00-16.00 12.00:20.00
228.4,238.5,220,235.3,24.00-8.00-16.00 12.00:15.00
219.75,231.8,216.75,229,24.00-8.00-16.00 12.00:10.00
241,242.8,217.1,219.05,24.00-8.00-16.00 12.00:5.00
260.35,268.15,241.2,241.55,24.00-8.00-16.00 12.00:0.00
276.2,285.8,256.35,260.35,24.00-8.00-16.00 11.00:55.00
282.3,289,274,276.05,24.00-8.00-16.00 11.00:50.00
298.95,300.4,271.85,283.2,24.00-8.00-16.00 11.00:45.00
313.55,315.15,297.6,299.15,24.00-8.00-16.00 11.00:40.00
303.6,319.9,303,314.5,24.00-8.00-16.00 11.00:35.00
317,317,297.2,304.75,24.00-8.00-16.00 11.00:30.00
374,374,311,316.55,24.00-8.00-16.00 11.00:25.00
384.7,386.5,370,377.55,24.00-8.00-16.00 11.00:20.00
396.3,400,381.15,386.5,24.00-8.00-16.00 11.00:15.00
395.45,396.65,378,393.35,24.00-8.00-16.00 11.00:10.00
376.75,403.55,376.75,395.2,24.00-8.00-16.00 11.00:5.00
374.95,385.1,372.9,376.8,24.00-8.00-16.00 11.00:0.00
377.35,394,374.65,375.3,24.00-8.00-16.00 10.00:55.00
364.9,381.8,358.5,377.35,24.00-8.00-16.00 10.00:50.00
377.35,388.95,360.95,363.8,24.00-8.00-16.00 10.00:45.00
380.45,401,372.9,377.85,24.00-8.00-16.00 10.00:40.00
394.45,399.95,379.95,384.7,24.00-8.00-16.00 10.00:35.00
386.8,412.9,386.45,399,24.00-8.00-16.00 10.00:30.00
358.45,392.25,352.3,387.8,24.00-8.00-16.00 10.00:25.00
351.95,366.55,348,355.65,24.00-8.00-16.00 10.00:20.00
340.55,360,329.65,354.2,24.00-8.00-16.00 10.00:15.00
336.55,349.6,334.25,341.4,24.00-8.00-16.00 10.00:10.00
315.4,343.9,314.2,335,24.00-8.00-16.00 10.00:5.00
328.05,352.2,314.1,314.1,24.00-8.00-16.00 10.00:0.00
322,330,308,329.2,24.00-8.00-16.00 9.00:55.00
296.15,333,296.15,322.15,24.00-8.00-16.00 9.00:50.00
296.8,308.6,290,297.3,24.00-8.00-16.00 9.00:45.00
275,308.8,273.1,297.6,24.00-8.00-16.00 9.00:40.00
254.2,277.3,250.35,273.45,24.00-8.00-16.00 9.00:35.00
256,264.2,249.35,253.95,24.00-8.00-16.00 9.00:30.00
250.25,259.4,242,256.6,24.00-8.00-16.00 9.00:25.00
279.25,281.15,246.9,249.4,24.00-8.00-16.00 9.00:20.00
301.05,321.6,280,280,24.00-8.00-16.00 9.00:15.00
458.4,463.2,455.7,461.7,24.00-8.00-14.00 15.00:25.00
457,459.9,456.15,459.35,24.00-8.00-14.00 15.00:20.00
462,465.95,456.2,456.2,24.00-8.00-14.00 15.00:15.00
453.85,462.25,452.5,462.25,24.00-8.00-14.00 15.00:10.00
449.2,458.45,448.45,458.45,24.00-8.00-14.00 15.00:5.00
464.2,472.15,446.35,446.75,24.00-8.00-14.00 15.00:0.00
449.35,467.85,449.35,465.85,24.00-8.00-14.00 14.00:55.00
462.7,469,448,450.4,24.00-8.00-14.00 14.00:50.00
462.8,465.15,457.55,463.5,24.00-8.00-14.00 14.00:45.00
463.95,477.95,461.7,461.7,24.00-8.00-14.00 14.00:40.00
444.3,464,444.3,463.35,24.00-8.00-14.00 14.00:35.00
450.2,450.2,446.5,446.5,24.00-8.00-14.00 14.00:30.00
449.5,451.45,446.9,450.45,24.00-8.00-14.00 14.00:25.00
438,451,438,449.85,24.00-8.00-14.00 14.00:20.00
445.6,446.2,435.15,438.25,24.00-8.00-14.00 14.00:15.00
444.1,446.3,435.75,445.6,24.00-8.00-14.00 14.00:10.00
453,457.85,445.95,445.95,24.00-8.00-14.00 14.00:5.00
456.45,456.55,451.9,453,24.00-8.00-14.00 14.00:0.00
459.2,468.55,459.2,463.05,24.00-8.00-14.00 13.00:55.00
453.05,458.5,452.35,457.8,24.00-8.00-14.00 13.00:50.00
451.1,455.95,451.1,452.85,24.00-8.00-14.00 13.00:45.00
454.4,454.4,448.35,450.8,24.00-8.00-14.00 13.00:40.00
457.25,459.9,453.4,455,24.00-8.00-14.00 13.00:35.00
454.2,459,448.05,459,24.00-8.00-14.00 13.00:30.00
457.1,465,453.85,455.4,24.00-8.00-14.00 13.00:25.00
451.45,461.75,451.35,458.65,24.00-8.00-14.00 13.00:20.00
437.85,450.9,437.25,449.5,24.00-8.00-14.00 13.00:15.00
429,438.05,429,438.05,24.00-8.00-14.00 13.00:10.00
438.3,441.4,438.3,438.4,24.00-8.00-14.00 13.00:5.00
428,441,424.3,441,24.00-8.00-14.00 13.00:0.00
428.7,435.5,427.65,430.35,24.00-8.00-14.00 12.00:55.00
452.6,452.6,431.15,431.15,24.00-8.00-14.00 12.00:50.00
458.55,460.75,453.55,453.55,24.00-8.00-14.00 12.00:45.00
462.7,465.45,458.35,458.85,24.00-8.00-14.00 12.00:40.00
465,471.25,463.75,463.75,24.00-8.00-14.00 12.00:35.00
461.7,466.95,461.7,466.95,24.00-8.00-14.00 12.00:30.00
460.05,462.25,458,460.7,24.00-8.00-14.00 12.00:25.00
460,464.1,458.05,464.1,24.00-8.00-14.00 12.00:20.00
456.1,456.1,451.75,455.15,24.00-8.00-14.00 12.00:15.00
460.85,463.2,454.2,454.2,24.00-8.00-14.00 12.00:10.00
468,468,458.1,458.1,24.00-8.00-14.00 12.00:5.00
469.05,469.95,465,465,24.00-8.00-14.00 12.00:0.00
468,469.4,460.35,469.4,24.00-8.00-14.00 11.00:55.00
467.4,473.85,467.4,468,24.00-8.00-14.00 11.00:50.00
474.75,480.95,474.75,480.95,24.00-8.00-14.00 11.00:45.00
479.75,483.3,477.45,483.3,24.00-8.00-14.00 11.00:40.00
470.1,478.5,470,478.5,24.00-8.00-14.00 11.00:35.00
469.25,474.25,467.4,470,24.00-8.00-14.00 11.00:30.00
474.6,474.6,471.25,471.25,24.00-8.00-14.00 11.00:25.00
481.3,486.25,475.85,475.85,24.00-8.00-14.00 11.00:20.00
477.4,485.4,475,485.4,24.00-8.00-14.00 11.00:15.00
486.85,488.4,475.05,479,24.00-8.00-14.00 11.00:10.00
486.95,495,486.95,491.35,24.00-8.00-14.00 11.00:5.00
482,490,477.6,490,24.00-8.00-14.00 11.00:0.00
473.9,486.6,473.9,482.05,24.00-8.00-14.00 10.00:55.00
467.8,471,467,471,24.00-8.00-14.00 10.00:50.00
464.3,467.7,454.95,467.65,24.00-8.00-14.00 10.00:45.00
462,472.3,458.9,458.9,24.00-8.00-14.00 10.00:40.00
475.5,475.5,465,469.15,24.00-8.00-14.00 10.00:35.00
489.2,489.6,479.85,479.85,24.00-8.00-14.00 10.00:30.00
483.65,489.4,483.65,488.8,24.00-8.00-14.00 10.00:25.00
471.15,487,469.8,483.65,24.00-8.00-14.00 10.00:20.00
481.65,491,466.45,468.45,24.00-8.00-14.00 10.00:15.00
487.45,487.45,480,482,24.00-8.00-14.00 10.00:10.00
488,496.3,486.4,489,24.00-8.00-14.00 10.00:5.00
507.7,507.7,485,485,24.00-8.00-14.00 10.00:0.00
509.25,510.45,502.85,510,24.00-8.00-14.00 9.00:55.00
466.15,500.05,461.95,500,24.00-8.00-14.00 9.00:50.00
476.25,477.6,456.7,471.45,24.00-8.00-14.00 9.00:45.00
503,505.55,492.75,492.75,24.00-8.00-14.00 9.00:40.00
489.5,510.25,489.5,501,24.00-8.00-14.00 9.00:35.00
504.15,512.7,495.6,495.6,24.00-8.00-14.00 9.00:30.00
495.85,507.15,492.25,500.45,24.00-8.00-14.00 9.00:25.00
486.25,491,475.15,486.25,24.00-8.00-14.00 9.00:20.00
474.95,496.25,474.95,486.9,24.00-8.00-14.00 9.00:15.00
498.25,502,498.1,502,24.00-8.00-13.00 15.00:25.00
502.4,502.4,490.2,499.45,24.00-8.00-13.00 15.00:20.00
513.7,513.7,502.75,502.75,24.00-8.00-13.00 15.00:15.00
482,517.5,482,517.5,24.00-8.00-13.00 15.00:10.00
488.7,496.4,484.5,489,24.00-8.00-13.00 15.00:5.00
490.3,492.35,481,490.5,24.00-8.00-13.00 15.00:0.00
494.65,515,494.65,505.55,24.00-8.00-13.00 14.00:55.00
508.3,512.3,488,489.05,24.00-8.00-13.00 14.00:50.00
499.05,510.65,497.55,506.75,24.00-8.00-13.00 14.00:45.00
500,507,500,503.85,24.00-8.00-13.00 14.00:40.00
500.2,502,496.4,498.75,24.00-8.00-13.00 14.00:35.00
480,520,480,506.65,24.00-8.00-13.00 14.00:30.00
496.2,500.8,480.65,486,24.00-8.00-13.00 14.00:25.00
504.5,508.75,486.25,494.9,24.00-8.00-13.00 14.00:20.00
509,525,504.8,506,24.00-8.00-13.00 14.00:15.00
528.4,534.25,502.7,504.05,24.00-8.00-13.00 14.00:10.00
503.8,526.4,502.6,526.4,24.00-8.00-13.00 14.00:5.00
493.65,501.75,473.5,499.8,24.00-8.00-13.00 14.00:0.00
475,493.7,473.35,489.6,24.00-8.00-13.00 13.00:55.00
458.05,480,457.95,475.3,24.00-8.00-13.00 13.00:50.00
456.15,467.7,444.1,457.5,24.00-8.00-13.00 13.00:45.00
412.55,455.05,412.55,455.05,24.00-8.00-13.00 13.00:40.00
408.75,422.1,408.75,415.45,24.00-8.00-13.00 13.00:35.00
409.2,409.95,403.75,409.95,24.00-8.00-13.00 13.00:30.00
407.35,412.45,406.8,412.45,24.00-8.00-13.00 13.00:25.00
409.4,418.5,408.4,409.85,24.00-8.00-13.00 13.00:20.00
422.25,422.25,403.1,406.95,24.00-8.00-13.00 13.00:15.00
433,439,419.55,421.05,24.00-8.00-13.00 13.00:10.00
432.1,433.1,418.55,432.95,24.00-8.00-13.00 13.00:5.00
418.55,435.15,417.7,433.6,24.00-8.00-13.00 13.00:0.00
408.75,420,408.75,419.05,24.00-8.00-13.00 12.00:55.00
416,418,403.05,413.8,24.00-8.00-13.00 12.00:50.00
406.95,433.75,406.95,414.9,24.00-8.00-13.00 12.00:45.00
403,410.5,403,410.5,24.00-8.00-13.00 12.00:40.00
401.05,406.9,395,400,24.00-8.00-13.00 12.00:35.00
379.8,411.1,379.2,405.4,24.00-8.00-13.00 12.00:30.00
387.2,387.2,377,377.5,24.00-8.00-13.00 12.00:25.00
375.3,388,374.4,388,24.00-8.00-13.00 12.00:20.00
373.1,385.6,373.1,375.75,24.00-8.00-13.00 12.00:15.00
371.75,373.7,367.4,368.45,24.00-8.00-13.00 12.00:10.00
373.85,391.45,367.4,372.15,24.00-8.00-13.00 12.00:5.00
347.05,374,346,374,24.00-8.00-13.00 12.00:0.00
345.1,348.65,344.85,346,24.00-8.00-13.00 11.00:55.00
351.1,351.1,346.35,346.35,24.00-8.00-13.00 11.00:50.00
356.95,359.1,354.2,354.55,24.00-8.00-13.00 11.00:45.00
346,360,346,358.6,24.00-8.00-13.00 11.00:40.00
347.1,347.25,341.55,345.85,24.00-8.00-13.00 11.00:35.00
340,349.25,339.85,349.25,24.00-8.00-13.00 11.00:30.00
356.4,356.4,338,338,24.00-8.00-13.00 11.00:25.00
347.3,355.55,347.3,354.4,24.00-8.00-13.00 11.00:20.00
356.5,362.8,350,350,24.00-8.00-13.00 11.00:15.00
369.3,371.1,356.65,356.65,24.00-8.00-13.00 11.00:10.00
363.55,371.95,361.2,369.2,24.00-8.00-13.00 11.00:5.00
349.2,364.95,349.2,364.95,24.00-8.00-13.00 11.00:0.00
352.15,358.4,352.15,355.3,24.00-8.00-13.00 10.00:55.00
350.6,355.7,346.15,350.5,24.00-8.00-13.00 10.00:50.00
360.5,365,350,350.6,24.00-8.00-13.00 10.00:45.00
363.95,369,363.95,369,24.00-8.00-13.00 10.00:40.00
365.4,365.4,356.95,363,24.00-8.00-13.00 10.00:35.00
368,380,363.25,365.75,24.00-8.00-13.00 10.00:30.00
365.1,365.1,358,363.4,24.00-8.00-13.00 10.00:25.00
352,371.2,352,362.25,24.00-8.00-13.00 10.00:20.00
343.45,355.75,340,354.8,24.00-8.00-13.00 10.00:15.00
347.05,348.1,343,343,24.00-8.00-13.00 10.00:10.00
342.3,355,339,348.05,24.00-8.00-13.00 10.00:5.00
362.35,362.35,348.15,348.15,24.00-8.00-13.00 10.00:0.00
351.85,363.35,351.85,356.85,24.00-8.00-13.00 9.00:55.00
335.9,355,334.3,350.65,24.00-8.00-13.00 9.00:50.00
339.9,342.65,327.4,334.6,24.00-8.00-13.00 9.00:45.00
367,367,327.75,338,24.00-8.00-13.00 9.00:40.00
355.7,370.65,355.7,366,24.00-8.00-13.00 9.00:35.00
358.8,365.05,346.6,358.25,24.00-8.00-13.00 9.00:30.00
352.4,361.15,343.3,361.15,24.00-8.00-13.00 9.00:25.00
359.65,367.15,343.2,351.95,24.00-8.00-13.00 9.00:20.00
380,380,344.55,357.95,24.00-8.00-13.00 9.00:15.00
345.85,356.2,345.8,353,24.00-8.00-12.00 15.00:25.00
343.45,346.2,337.5,345,24.00-8.00-12.00 15.00:20.00
355.15,355.15,343.1,345.45,24.00-8.00-12.00 15.00:15.00
357.9,363.85,356.4,358,24.00-8.00-12.00 15.00:10.00
346.35,360,346.35,357.85,24.00-8.00-12.00 15.00:5.00
352.2,383.5,347.9,353,24.00-8.00-12.00 15.00:0.00
340,351.7,330,351.7,24.00-8.00-12.00 14.00:55.00
302.6,339.95,299.95,338.1,24.00-8.00-12.00 14.00:50.00
296.45,303.35,290,302.3,24.00-8.00-12.00 14.00:45.00
298.75,307.5,298.75,303.75,24.00-8.00-12.00 14.00:40.00
307.3,310,301,301,24.00-8.00-12.00 14.00:35.00
300,311.25,300,303.4,24.00-8.00-12.00 14.00:30.00
303.05,308.5,301,301,24.00-8.00-12.00 14.00:25.00
294.2,308.1,294.2,303.55,24.00-8.00-12.00 14.00:20.00
283,292.5,281.05,292.25,24.00-8.00-12.00 14.00:15.00
278.55,284,275.8,282.55,24.00-8.00-12.00 14.00:10.00
281.35,285,274.2,278,24.00-8.00-12.00 14.00:5.00
286.65,287,280.1,284,24.00-8.00-12.00 14.00:0.00
284.5,288.8,284.15,286.9,24.00-8.00-12.00 13.00:55.00
282.15,285,276.85,282.85,24.00-8.00-12.00 13.00:50.00
286.05,290.05,281.9,283.9,24.00-8.00-12.00 13.00:45.00
290.95,292.1,286.8,287.1,24.00-8.00-12.00 13.00:40.00
293.8,296.75,291.9,292.35,24.00-8.00-12.00 13.00:35.00
297.05,297.7,294,294.35,24.00-8.00-12.00 13.00:30.00
302.6,307.05,299.25,299.25,24.00-8.00-12.00 13.00:25.00
309.35,311,304.45,305.25,24.00-8.00-12.00 13.00:20.00
307,312.1,304.25,305.55,24.00-8.00-12.00 13.00:15.00
298,306.8,298,306.8,24.00-8.00-12.00 13.00:10.00
294,303,294,301.15,24.00-8.00-12.00 13.00:5.00
302.35,302.35,290.7,290.7,24.00-8.00-12.00 13.00:0.00
295.85,302.4,294.7,302,24.00-8.00-12.00 12.00:55.00
290.55,299.9,290.55,297.2,24.00-8.00-12.00 12.00:50.00
292.05,295.5,286.55,289.45,24.00-8.00-12.00 12.00:45.00
293.6,295.25,290,294.55,24.00-8.00-12.00 12.00:40.00
300,300,288.7,294.65,24.00-8.00-12.00 12.00:35.00
312.2,316,303,305.15,24.00-8.00-12.00 12.00:30.00
302.2,315.75,302.2,309.3,24.00-8.00-12.00 12.00:25.00
301,307.45,300.8,304.8,24.00-8.00-12.00 12.00:20.00
306,306,299.4,299.4,24.00-8.00-12.00 12.00:15.00
299.1,307.6,298.75,305.55,24.00-8.00-12.00 12.00:10.00
295.85,298,293.95,296.95,24.00-8.00-12.00 12.00:5.00
294.9,301.6,290,295.85,24.00-8.00-12.00 12.00:0.00
300.3,300.3,289.4,292.75,24.00-8.00-12.00 11.00:55.00
296.75,302.9,294.7,302.2,24.00-8.00-12.00 11.00:50.00
298.5,298.5,287.25,295.75,24.00-8.00-12.00 11.00:45.00
287.35,301.45,286.2,297.35,24.00-8.00-12.00 11.00:40.00
278.1,291.45,277.65,289.55,24.00-8.00-12.00 11.00:35.00
275,281.8,268.5,276.5,24.00-8.00-12.00 11.00:30.00
267.8,288.65,267.6,274.45,24.00-8.00-12.00 11.00:25.00
261.2,271.55,259.15,266.45,24.00-8.00-12.00 11.00:20.00
271.9,276.75,258,262.35,24.00-8.00-12.00 11.00:15.00
291.5,291.95,272.85,274,24.00-8.00-12.00 11.00:10.00
303.85,303.85,290,290.2,24.00-8.00-12.00 11.00:5.00
288.5,305.65,285,302.8,24.00-8.00-12.00 11.00:0.00
318.95,321.25,286.15,290.35,24.00-8.00-12.00 10.00:55.00
329.6,333.7,314.85,319.45,24.00-8.00-12.00 10.00:50.00
322.15,332.2,320.8,327.2,24.00-8.00-12.00 10.00:45.00
346.95,346.95,322.8,322.8,24.00-8.00-12.00 10.00:40.00
360,360.55,347.8,351.15,24.00-8.00-12.00 10.00:35.00
369.95,369.95,356.95,366,24.00-8.00-12.00 10.00:30.00
370.2,375.45,368.1,370.3,24.00-8.00-12.00 10.00:25.00
367,377.15,367,374.1,24.00-8.00-12.00 10.00:20.00
396.4,396.4,369.3,371.85,24.00-8.00-12.00 10.00:15.00
398.3,404.35,395,402,24.00-8.00-12.00 10.00:10.00
400.55,413.5,392.7,394.05,24.00-8.00-12.00 10.00:5.00
413.95,423.8,399.25,407.45,24.00-8.00-12.00 10.00:0.00
412.4,429,410,421.95,24.00-8.00-12.00 9.00:55.00
403.2,419,401.5,415,24.00-8.00-12.00 9.00:50.00
389.85,403,387.15,402.5,24.00-8.00-12.00 9.00:45.00
377.4,386.05,373.8,386.05,24.00-8.00-12.00 9.00:40.00
377.4,378.75,366.35,378.6,24.00-8.00-12.00 9.00:35.00
383.5,383.5,371.1,377.7,24.00-8.00-12.00 9.00:30.00
379.1,390.5,379.1,381.05,24.00-8.00-12.00 9.00:25.00
394.45,394.45,363.1,373,24.00-8.00-12.00 9.00:20.00
385,396.2,380,392.95,24.00-8.00-12.00 9.00:15.00
349.95,349.95,341.65,341.65,24.00-8.00-9.00 15.00:25.00
352,352.25,345.85,349.55,24.00-8.00-9.00 15.00:20.00
345.1,353,345.1,347.25,24.00-8.00-9.00 15.00:15.00
344.45,346.9,340,343.65,24.00-8.00-9.00 15.00:10.00
344.15,344.15,344.15,344.15,24.00-8.00-9.00 15.00:5.00
346.6,349,345.45,349,24.00-8.00-9.00 15.00:0.00
344.7,349.15,344.6,349.15,24.00-8.00-9.00 14.00:55.00
344,345.1,343.15,343.15,24.00-8.00-9.00 14.00:50.00
345,348.65,345,348.65,24.00-8.00-9.00 14.00:45.00
348,348.95,348,348.95,24.00-8.00-9.00 14.00:35.00
346,351,346,351,24.00-8.00-9.00 14.00:30.00
346.5,346.5,346.5,346.5,24.00-8.00-9.00 14.00:25.00
348.45,350.95,345,345,24.00-8.00-9.00 14.00:20.00
333.2,344.05,333.2,344.05,24.00-8.00-9.00 14.00:15.00
331,334.5,331,334.5,24.00-8.00-9.00 14.00:10.00
330,334.45,329.1,331.1,24.00-8.00-9.00 14.00:5.00
340.7,342.6,337.55,337.55,24.00-8.00-9.00 14.00:0.00
348.45,348.5,342.25,348.5,24.00-8.00-9.00 13.00:55.00
345,348.25,345,348.25,24.00-8.00-9.00 13.00:45.00
353.9,353.9,349.4,349.4,24.00-8.00-9.00 13.00:40.00
354,354,353,353,24.00-8.00-9.00 13.00:35.00
345,347.4,342.3,342.3,24.00-8.00-9.00 13.00:30.00
349.1,350.2,338.4,339.2,24.00-8.00-9.00 13.00:25.00
353.2,353.2,349.1,349.35,24.00-8.00-9.00 13.00:20.00
360,360,353.2,353.2,24.00-8.00-9.00 13.00:15.00
369,369,369,369,24.00-8.00-9.00 13.00:5.00
372.2,372.2,367.5,369,24.00-8.00-9.00 13.00:0.00
367.4,369.4,367.4,369.4,24.00-8.00-9.00 12.00:55.00
369.8,369.8,365.35,368.5,24.00-8.00-9.00 12.00:50.00
365,365,360.8,360.8,24.00-8.00-9.00 12.00:45.00
360.7,360.95,358.7,359.05,24.00-8.00-9.00 12.00:40.00
366.75,368.85,360.7,360.7,24.00-8.00-9.00 12.00:35.00
363,366.65,363,366.65,24.00-8.00-9.00 12.00:30.00
366.55,366.55,366,366,24.00-8.00-9.00 12.00:25.00
372.3,372.3,366.25,366.25,24.00-8.00-9.00 12.00:20.00
367.95,369.9,364.65,369.9,24.00-8.00-9.00 12.00:15.00
372.15,372.15,372.15,372.15,24.00-8.00-9.00 12.00:10.00
361.95,368.15,361.95,367.4,24.00-8.00-9.00 12.00:0.00
364.4,364.4,358.45,358.9,24.00-8.00-9.00 11.00:55.00
365,365,365,365,24.00-8.00-9.00 11.00:50.00
370.85,370.85,365,365,24.00-8.00-9.00 11.00:45.00
372,372,370.85,370.85,24.00-8.00-9.00 11.00:40.00
375,379.85,374.9,374.9,24.00-8.00-9.00 11.00:35.00
368.75,368.75,368.75,368.75,24.00-8.00-9.00 11.00:25.00
374.45,374.45,374.45,374.45,24.00-8.00-9.00 11.00:20.00
376,378,371.65,371.65,24.00-8.00-9.00 11.00:15.00
369.9,369.9,368.75,368.75,24.00-8.00-9.00 11.00:10.00
366.6,366.6,362.25,362.25,24.00-8.00-9.00 11.00:5.00
380.8,380.8,363.85,363.85,24.00-8.00-9.00 11.00:0.00
389,389,380.2,385.1,24.00-8.00-9.00 10.00:55.00
384.6,387.65,372.65,386.65,24.00-8.00-9.00 10.00:50.00
399.5,399.5,380.65,385.25,24.00-8.00-9.00 10.00:45.00
404.6,406.4,393.05,397.8,24.00-8.00-9.00 10.00:40.00
398.35,407.05,398.35,407,24.00-8.00-9.00 10.00:35.00
396.1,416.5,394.6,401.1,24.00-8.00-9.00 10.00:30.00
400,402.8,391.3,396,24.00-8.00-9.00 10.00:25.00
371.65,394.6,371,393.1,24.00-8.00-9.00 10.00:20.00
378.55,379.9,371,371,24.00-8.00-9.00 10.00:15.00
375.35,376,364.6,375.4,24.00-8.00-9.00 10.00:10.00
366.15,377.55,366.15,377.55,24.00-8.00-9.00 10.00:5.00
356.65,372.75,356.65,368.65,24.00-8.00-9.00 10.00:0.00
360.85,370.4,356.35,361.7,24.00-8.00-9.00 9.00:55.00
337.7,360.35,337.7,360,24.00-8.00-9.00 9.00:50.00
344.9,346,334.7,337.3,24.00-8.00-9.00 9.00:45.00
344.8,346.4,342,342.85,24.00-8.00-9.00 9.00:40.00
350,354.95,344,344,24.00-8.00-9.00 9.00:35.00
341.75,355.55,338.2,353.8,24.00-8.00-9.00 9.00:30.00
361.45,361.45,332.5,342,24.00-8.00-9.00 9.00:25.00
361.45,361.95,347.8,361.95,24.00-8.00-9.00 9.00:20.00
406,406,366.05,372.4,24.00-8.00-9.00 9.00:15.00
569.35,569.35,564.45,564.45,24.00-8.00-8.00 15.00:25.00
568.3,577.45,566,577.45,24.00-8.00-8.00 15.00:20.00
545,545,545,545,24.00-8.00-8.00 15.00:10.00
514.55,514.55,514.55,514.55,24.00-8.00-8.00 15.00:0.00
524.65,531,524.65,531,24.00-8.00-8.00 14.00:55.00
502.9,502.9,502,502,24.00-8.00-8.00 14.00:50.00
509.9,509.9,505,505,24.00-8.00-8.00 14.00:45.00
516.4,519.9,503.35,503.35,24.00-8.00-8.00 14.00:40.00
512,519.75,508.85,519.75,24.00-8.00-8.00 14.00:35.00
522,522.55,522,522.55,24.00-8.00-8.00 14.00:30.00
528.7,528.7,528.7,528.7,24.00-8.00-8.00 14.00:25.00
537.35,538.55,525,525,24.00-8.00-8.00 14.00:20.00
502.65,521,502.65,521,24.00-8.00-8.00 14.00:15.00
533.75,533.75,533.75,533.75,24.00-8.00-8.00 14.00:10.00
541.95,541.95,541.95,541.95,24.00-8.00-8.00 14.00:5.00
544.3,544.3,544.3,544.3,24.00-8.00-8.00 14.00:0.00
530.75,541.2,528.25,541.2,24.00-8.00-8.00 13.00:55.00
538.35,538.35,534.75,534.75,24.00-8.00-8.00 13.00:50.00
514.3,514.3,514.3,514.3,24.00-8.00-8.00 13.00:45.00
534,534,534,534,24.00-8.00-8.00 13.00:40.00
541.05,541.05,531.45,531.45,24.00-8.00-8.00 13.00:35.00
584.3,585.45,550,550,24.00-8.00-8.00 13.00:30.00
538.1,544.85,538.1,544.85,24.00-8.00-8.00 13.00:25.00
526.55,526.55,526.4,526.55,24.00-8.00-8.00 13.00:15.00
525.65,539.05,525.65,533.35,24.00-8.00-8.00 13.00:10.00
505.3,543.6,505.3,543.6,24.00-8.00-8.00 13.00:5.00
485,503.55,485,503.55,24.00-8.00-8.00 13.00:0.00
448.25,481.75,448.25,481.75,24.00-8.00-8.00 12.00:55.00
435.1,455.45,435.1,455.45,24.00-8.00-8.00 12.00:45.00
435,435,435,435,24.00-8.00-8.00 12.00:40.00
424,424,417.75,417.75,24.00-8.00-8.00 12.00:30.00
420.25,423.65,415.8,415.8,24.00-8.00-8.00 12.00:20.00
409.1,437.2,409.1,437.2,24.00-8.00-8.00 12.00:15.00
470,470,450,450,24.00-8.00-8.00 12.00:10.00
481.9,481.9,481.9,481.9,24.00-8.00-8.00 12.00:0.00
475.2,475.2,475,475,24.00-8.00-8.00 11.00:55.00
480,480,480,480,24.00-8.00-8.00 11.00:50.00
487.55,487.55,487.55,487.55,24.00-8.00-8.00 11.00:45.00
499,499,499,499,24.00-8.00-8.00 11.00:40.00
502.35,502.35,502.35,502.35,24.00-8.00-8.00 11.00:35.00
522.35,522.35,518.3,518.3,24.00-8.00-8.00 11.00:30.00
499,499,499,499,24.00-8.00-8.00 11.00:25.00
489.35,500,489.35,500,24.00-8.00-8.00 11.00:20.00
481.9,481.9,470.05,470.05,24.00-8.00-8.00 11.00:15.00
497.3,513.25,497.3,513.25,24.00-8.00-8.00 11.00:10.00
517.65,517.65,517.65,517.65,24.00-8.00-8.00 11.00:5.00
541.35,541.35,518.15,518.15,24.00-8.00-8.00 11.00:0.00
529.7,543.95,529.7,543.95,24.00-8.00-8.00 10.00:55.00
522.3,522.3,487.45,487.45,24.00-8.00-8.00 10.00:35.00
479.9,525.75,479.9,525.75,24.00-8.00-8.00 10.00:30.00
516.85,517.7,462.55,479.6,24.00-8.00-8.00 10.00:25.00
523.15,534.45,516.95,516.95,24.00-8.00-8.00 10.00:15.00
560,560,530,543.3,24.00-8.00-8.00 10.00:10.00
525.2,541,525.2,541,24.00-8.00-8.00 10.00:5.00
504,504,494.8,494.8,24.00-8.00-8.00 10.00:0.00
461,461,461,461,24.00-8.00-8.00 9.00:50.00
490,490,490,490,24.00-8.00-8.00 9.00:45.00
487.35,511,487.35,491.9,24.00-8.00-8.00 9.00:35.00
485.7,485.7,473.7,475.5,24.00-8.00-8.00 9.00:30.00
489,494.25,484.55,494.25,24.00-8.00-8.00 9.00:25.00
499.2,505.5,485.55,485.55,24.00-8.00-8.00 9.00:20.00
446.3,471.55,446.3,471.55,24.00-8.00-8.00 9.00:15.00
408.2,408.2,407.05,407.05,24.00-8.00-7.00 15.00:25.00
402,402,402,402,24.00-8.00-7.00 15.00:20.00
399.15,399.15,399.15,399.15,24.00-8.00-7.00 15.00:15.00
406,406,391.6,391.6,24.00-8.00-7.00 15.00:10.00
416,416,416,416,24.00-8.00-7.00 15.00:0.00
428.85,428.85,421,421,24.00-8.00-7.00 14.00:55.00
421.75,421.75,421.75,421.75,24.00-8.00-7.00 14.00:40.00
420,426.95,420,426.95,24.00-8.00-7.00 14.00:30.00
414.8,414.8,414.8,414.8,24.00-8.00-7.00 14.00:25.00
438.3,438.3,435.8,435.8,24.00-8.00-7.00 14.00:20.00
450,450,438.3,438.3,24.00-8.00-7.00 14.00:15.00
497,497.75,497,497.75,24.00-8.00-7.00 13.00:25.00
486.75,486.75,486.75,486.75,24.00-8.00-7.00 13.00:15.00
476.8,476.8,476.8,476.8,24.00-8.00-7.00 13.00:10.00
491.85,491.85,491.85,491.85,24.00-8.00-7.00 12.00:55.00
498.75,498.75,498.75,498.75,24.00-8.00-7.00 12.00:50.00
459.55,459.55,459.55,459.55,24.00-8.00-7.00 12.00:30.00
442.35,456.85,442.35,456.85,24.00-8.00-7.00 12.00:25.00
456.55,456.55,449.6,449.6,24.00-8.00-7.00 12.00:20.00
469.65,469.65,469.65,469.65,24.00-8.00-7.00 12.00:15.00
479.7,479.7,479.7,479.7,24.00-8.00-7.00 12.00:0.00
490,490,490,490,24.00-8.00-7.00 11.00:50.00
484.55,492.55,484.55,492.55,24.00-8.00-7.00 11.00:45.00
466,466,466,466,24.00-8.00-7.00 11.00:35.00
480.3,480.3,480.3,480.3,24.00-8.00-7.00 11.00:30.00
477.85,477.85,477.85,477.85,24.00-8.00-7.00 11.00:25.00
477,481,477,481,24.00-8.00-7.00 11.00:15.00
461.05,461.05,461.05,461.05,24.00-8.00-7.00 11.00:10.00
458,458,458,458,24.00-8.00-7.00 11.00:5.00
430,450.4,430,450.4,24.00-8.00-7.00 11.00:0.00
432.2,432.2,429.2,429.2,24.00-8.00-7.00 10.00:55.00
420,422.1,420,422.1,24.00-8.00-7.00 10.00:50.00
409,409,409,409,24.00-8.00-7.00 10.00:40.00
450,450,408.3,408.4,24.00-8.00-7.00 10.00:30.00
465,483.8,465,483.8,24.00-8.00-7.00 10.00:0.00
488.95,488.95,488.95,488.95,24.00-8.00-7.00 9.00:50.00
470,475,470,475,24.00-8.00-7.00 9.00:45.00
457,470.95,455.05,459.1,24.00-8.00-7.00 9.00:35.00
440,455.5,440,455.5,24.00-8.00-7.00 9.00:20.00
435.05,435.05,432,432,24.00-8.00-7.00 9.00:15.00
645.4,645.4,645.4,645.4,24.00-8.00-6.00 15.00:25.00
652,656.95,650.05,656.95,24.00-8.00-6.00 15.00:20.00
681.75,681.75,681.75,681.75,24.00-8.00-6.00 15.00:15.00
669.5,669.5,669.5,669.5,24.00-8.00-6.00 15.00:5.00
675,675,663.7,663.7,24.00-8.00-6.00 15.00:0.00
675.8,675.8,675.8,675.8,24.00-8.00-6.00 14.00:55.00
692.4,697.05,692.4,697.05,24.00-8.00-6.00 14.00:50.00
707.15,712.95,707.15,711.75,24.00-8.00-6.00 14.00:45.00
653.5,653.5,648.4,648.4,24.00-8.00-6.00 14.00:25.00
666.45,666.45,666.45,666.45,24.00-8.00-6.00 14.00:20.00
649.2,649.2,649.2,649.2,24.00-8.00-6.00 14.00:10.00
603,603,603,603,24.00-8.00-6.00 14.00:0.00
603.95,603.95,603.95,603.95,24.00-8.00-6.00 13.00:55.00
627.75,647.65,627.75,640.75,24.00-8.00-6.00 13.00:45.00
621.6,627.75,621.6,627.75,24.00-8.00-6.00 13.00:40.00
593.45,615.05,593.45,615.05,24.00-8.00-6.00 13.00:35.00
567.2,580,567.2,580,24.00-8.00-6.00 13.00:20.00
566.3,566.3,551,551,24.00-8.00-6.00 13.00:15.00
527.95,538.3,527.95,538.3,24.00-8.00-6.00 12.00:55.00
557,557,530.95,530.95,24.00-8.00-6.00 12.00:50.00
542.8,543.45,542.8,543.45,24.00-8.00-6.00 12.00:45.00
560,560,560,560,24.00-8.00-6.00 12.00:35.00
533.35,533.35,533.35,533.35,24.00-8.00-6.00 12.00:25.00
513.4,513.4,513.4,513.4,24.00-8.00-6.00 12.00:20.00
508.05,508.1,508.05,508.1,24.00-8.00-6.00 11.00:25.00
509,509,509,509,24.00-8.00-6.00 11.00:15.00
517.85,530,517.85,530,24.00-8.00-6.00 11.00:5.00
560,560,560,560,24.00-8.00-6.00 10.00:45.00
546.95,581.95,546.95,565.7,24.00-8.00-6.00 10.00:40.00
570.6,570.6,559.05,559.05,24.00-8.00-6.00 10.00:35.00
520,520,520,520,24.00-8.00-6.00 10.00:30.00
518.5,520,518.5,520,24.00-8.00-6.00 10.00:25.00
480.6,499.05,477.75,499.05,24.00-8.00-6.00 10.00:20.00
466.3,483.6,466.3,483.6,24.00-8.00-6.00 10.00:15.00
477,477.1,477,477.1,24.00-8.00-6.00 10.00:10.00
440.75,460,440.75,460,24.00-8.00-6.00 10.00:5.00
436,442.6,436,439.85,24.00-8.00-6.00 10.00:0.00
447.25,447.25,438.2,438.2,24.00-8.00-6.00 9.00:55.00
458.05,460.4,451.2,460.4,24.00-8.00-6.00 9.00:50.00
481,481,481,481,24.00-8.00-6.00 9.00:40.00
477.65,480,477.65,480,24.00-8.00-6.00 9.00:35.00
460,460,452.9,452.9,24.00-8.00-6.00 9.00:30.00
457,460,457,460,24.00-8.00-6.00 9.00:25.00
450,450,432,449.6,24.00-8.00-6.00 9.00:20.00
664.75,674.4,656.45,674.4,24.00-8.00-5.00 15.00:25.00
660.6,660.6,660.6,660.6,24.00-8.00-5.00 15.00:20.00
660.4,660.4,660.4,660.4,24.00-8.00-5.00 15.00:5.00
645.7,645.7,645.7,645.7,24.00-8.00-5.00 15.00:0.00
637.6,637.6,637.6,637.6,24.00-8.00-5.00 14.00:50.00
705.8,705.8,705.8,705.8,24.00-8.00-5.00 14.00:30.00
678.7,706.05,678.7,706.05,24.00-8.00-5.00 14.00:25.00
653.05,668.05,653.05,668.05,24.00-8.00-5.00 14.00:20.00
644.2,644.2,644.2,644.2,24.00-8.00-5.00 14.00:5.00
650.8,650.8,624.55,624.8,24.00-8.00-5.00 13.00:45.00
654.05,654.05,623.25,643.55,24.00-8.00-5.00 13.00:40.00
690.3,690.3,690.3,690.3,24.00-8.00-5.00 13.00:15.00
772.9,772.9,746.25,759.05,24.00-8.00-5.00 12.00:40.00
765.1,774.45,765.1,774.45,24.00-8.00-5.00 12.00:35.00
718.7,730,718.7,730,24.00-8.00-5.00 12.00:30.00
714.75,714.75,714.75,714.75,24.00-8.00-5.00 12.00:25.00
706.5,706.5,706.5,706.5,24.00-8.00-5.00 12.00:20.00
691.5,691.5,691.5,691.5,24.00-8.00-5.00 12.00:15.00
720.9,720.9,710.05,713,24.00-8.00-5.00 12.00:5.00
733.6,733.6,717.1,717.1,24.00-8.00-5.00 12.00:0.00
736.6,736.6,714.15,714.15,24.00-8.00-5.00 11.00:55.00
719.75,719.75,716.8,716.8,24.00-8.00-5.00 11.00:50.00
714.25,741.1,708.25,708.25,24.00-8.00-5.00 11.00:45.00
722.45,722.95,713.8,713.8,24.00-8.00-5.00 11.00:40.00
776.4,790.05,742.65,742.65,24.00-8.00-5.00 11.00:35.00
746.95,769.15,746.95,760,24.00-8.00-5.00 11.00:30.00
767.9,767.9,728.45,737.05,24.00-8.00-5.00 11.00:25.00
759.6,836.1,759.6,826.95,24.00-8.00-5.00 11.00:20.00
719.3,755.75,719.3,748.7,24.00-8.00-5.00 11.00:15.00
694.75,724.55,692.5,724.55,24.00-8.00-5.00 11.00:10.00
682.8,712.4,664.75,704.6,24.00-8.00-5.00 11.00:5.00
628.95,677.05,628.95,666.75,24.00-8.00-5.00 11.00:0.00
624.75,638.45,617.45,622.8,24.00-8.00-5.00 10.00:55.00
607.65,622,596.25,619.15,24.00-8.00-5.00 10.00:50.00
586.5,598.05,586.5,598.05,24.00-8.00-5.00 10.00:45.00
539.4,564.85,539.4,564.8,24.00-8.00-5.00 10.00:40.00
518.95,529.75,518.95,526.8,24.00-8.00-5.00 10.00:35.00
490.2,500,490.2,499.65,24.00-8.00-5.00 10.00:25.00
494.85,494.85,494.85,494.85,24.00-8.00-5.00 10.00:10.00
476.5,482.85,476.5,482.85,24.00-8.00-5.00 10.00:5.00
447.5,468.65,446.1,468.65,24.00-8.00-5.00 10.00:0.00
439.4,443.55,439,439,24.00-8.00-5.00 9.00:55.00
488.7,488.7,476.5,476.5,24.00-8.00-5.00 9.00:50.00
471.05,490,471.05,490,24.00-8.00-5.00 9.00:45.00
505.45,506.25,478.6,478.6,24.00-8.00-5.00 9.00:40.00
493.15,497,493.15,497,24.00-8.00-5.00 9.00:35.00
521.45,531.1,493.15,493.15,24.00-8.00-5.00 9.00:30.00
515,520.85,511,515,24.00-8.00-5.00 9.00:25.00
483.2,509,480.4,502.45,24.00-8.00-5.00 9.00:20.00
420,475,420,475,24.00-8.00-5.00 9.00:15.00
244.8,263.85,244.75,263.85,24.00-8.00-2.00 15.00:25.00
241.35,242.1,235.25,242.1,24.00-8.00-2.00 15.00:20.00
239.35,247.75,239.35,240.2,24.00-8.00-2.00 15.00:15.00
240.75,242,240.75,242,24.00-8.00-2.00 15.00:10.00
247.65,247.65,240,245.65,24.00-8.00-2.00 15.00:5.00
247.35,268.65,247.35,252.25,24.00-8.00-2.00 15.00:0.00
250,250.65,248,248.75,24.00-8.00-2.00 14.00:55.00
247.8,250.95,240.5,242.2,24.00-8.00-2.00 14.00:50.00
237.4,245.5,237.4,242,24.00-8.00-2.00 14.00:45.00
234.9,235.3,227.5,235.3,24.00-8.00-2.00 14.00:40.00
225.4,237.3,225.4,237.3,24.00-8.00-2.00 14.00:35.00
218,220,218,220,24.00-8.00-2.00 14.00:30.00
212.7,212.75,212,212.75,24.00-8.00-2.00 14.00:25.00
211.85,211.85,205,205,24.00-8.00-2.00 14.00:20.00
218.5,220,213.9,213.9,24.00-8.00-2.00 14.00:15.00
202,202,196.9,196.9,24.00-8.00-2.00 13.00:55.00
199.95,202,199,202,24.00-8.00-2.00 13.00:50.00
197.05,200.95,197.05,199.95,24.00-8.00-2.00 13.00:45.00
197.5,198.7,196.1,198.7,24.00-8.00-2.00 13.00:40.00
209.75,209.75,205.8,205.8,24.00-8.00-2.00 13.00:35.00
207.05,211,207.05,210,24.00-8.00-2.00 13.00:30.00
213.45,213.45,206.55,206.55,24.00-8.00-2.00 13.00:25.00
219.45,219.45,219.45,219.45,24.00-8.00-2.00 13.00:20.00
211.4,213.1,205.8,212.75,24.00-8.00-2.00 13.00:15.00
209.05,209.05,206.95,207.85,24.00-8.00-2.00 13.00:10.00
211.15,211.15,207.85,207.85,24.00-8.00-2.00 13.00:5.00
210.45,210.45,210.45,210.45,24.00-8.00-2.00 13.00:0.00
215,216,213.4,213.4,24.00-8.00-2.00 12.00:55.00
223.05,223.05,217.6,217.95,24.00-8.00-2.00 12.00:50.00
217.75,223.95,217.75,223.95,24.00-8.00-2.00 12.00:45.00
215.9,217,212.2,217,24.00-8.00-2.00 12.00:40.00
217.85,218.8,214.7,214.7,24.00-8.00-2.00 12.00:35.00
214.3,214.65,214.3,214.65,24.00-8.00-2.00 12.00:30.00
204.35,210,204.35,207.25,24.00-8.00-2.00 12.00:25.00
203.75,203.75,203.75,203.75,24.00-8.00-2.00 12.00:20.00
202.95,202.95,200,200,24.00-8.00-2.00 12.00:10.00
199.8,200.65,196.85,196.85,24.00-8.00-2.00 12.00:5.00
194.3,199.15,192.45,199.15,24.00-8.00-2.00 12.00:0.00
187.8,187.8,184.8,187.55,24.00-8.00-2.00 11.00:50.00
180.5,180.5,178.5,178.5,24.00-8.00-2.00 11.00:45.00
182.45,182.45,179.25,181.2,24.00-8.00-2.00 11.00:40.00
185.2,185.2,183.45,183.85,24.00-8.00-2.00 11.00:35.00
183.6,183.6,183.6,183.6,24.00-8.00-2.00 11.00:30.00
188.9,188.9,188.9,188.9,24.00-8.00-2.00 11.00:25.00
192.65,192.65,189.25,189.25,24.00-8.00-2.00 11.00:20.00
193.05,193.05,192.5,192.5,24.00-8.00-2.00 11.00:15.00
193.25,194.15,191.6,194.15,24.00-8.00-2.00 11.00:10.00
195,196.3,191.35,193.3,24.00-8.00-2.00 11.00:5.00
178,190,178,190,24.00-8.00-2.00 11.00:0.00
183.35,183.35,179,179,24.00-8.00-2.00 10.00:55.00
185.7,187.15,184.65,187.15,24.00-8.00-2.00 10.00:50.00
192.85,192.85,187.8,187.8,24.00-8.00-2.00 10.00:45.00
190.45,195,188.65,195,24.00-8.00-2.00 10.00:40.00
190,191.4,186.2,186.2,24.00-8.00-2.00 10.00:35.00
207.05,207.05,195.6,195.6,24.00-8.00-2.00 10.00:30.00
208.45,213.1,207.4,211.2,24.00-8.00-2.00 10.00:25.00
210.85,210.85,207.85,209.4,24.00-8.00-2.00 10.00:20.00
200,204.5,200,203.9,24.00-8.00-2.00 10.00:15.00
218.45,218.45,207.05,207.05,24.00-8.00-2.00 10.00:10.00
225.6,225.6,225.6,225.6,24.00-8.00-2.00 10.00:5.00
231,232,230,232,24.00-8.00-2.00 10.00:0.00
217,230.4,217,230.4,24.00-8.00-2.00 9.00:55.00
223.55,223.55,215.1,216.95,24.00-8.00-2.00 9.00:50.00
216.95,237.6,216.95,230.75,24.00-8.00-2.00 9.00:45.00
195,218.9,195,218.9,24.00-8.00-2.00 9.00:40.00
186.3,186.3,185.35,185.35,24.00-8.00-2.00 9.00:35.00
175.5,185.4,175.5,184,24.00-8.00-2.00 9.00:30.00
179.5,180.75,171.25,171.25,24.00-8.00-2.00 9.00:25.00
183.7,187.6,180.65,182.1,24.00-8.00-2.00 9.00:20.00
189.95,189.95,183.05,185,24.00-8.00-2.00 9.00:15.00
126.4,128.4,124,128.4,24.00-8.00-1.00 15.00:25.00
125.65,127.25,125.65,127.25,24.00-8.00-1.00 15.00:20.00
125.5,127.6,123.85,123.85,24.00-8.00-1.00 15.00:15.00
129.95,129.95,125.85,127.55,24.00-8.00-1.00 15.00:10.00
134.35,134.35,134.35,134.35,24.00-8.00-1.00 15.00:5.00
127.35,129.9,127.35,129.9,24.00-8.00-1.00 14.00:55.00
127.45,128.45,127.45,128.45,24.00-8.00-1.00 14.00:50.00
126.25,126.25,126.25,126.25,24.00-8.00-1.00 14.00:45.00
139.65,139.65,137.65,139.05,24.00-8.00-1.00 14.00:35.00
137.3,137.3,137.3,137.3,24.00-8.00-1.00 14.00:30.00
134.05,136.55,134.05,136.55,24.00-8.00-1.00 14.00:15.00
130.05,130.05,130.05,130.05,24.00-8.00-1.00 14.00:0.00
132.1,132.1,132.1,132.1,24.00-8.00-1.00 13.00:55.00
135,135,135,135,24.00-8.00-1.00 13.00:50.00
136.7,136.7,131.95,134.75,24.00-8.00-1.00 13.00:35.00
132.7,133,132.7,133,24.00-8.00-1.00 13.00:25.00
132.7,132.7,132.7,132.7,24.00-8.00-1.00 13.00:20.00
136.85,136.85,136.85,136.85,24.00-8.00-1.00 12.00:55.00
134.45,136.85,134.45,136.85,24.00-8.00-1.00 12.00:50.00
138.55,138.55,138.55,138.55,24.00-8.00-1.00 12.00:45.00
142.45,142.45,142.45,142.45,24.00-8.00-1.00 12.00:35.00
140,140,140,140,24.00-8.00-1.00 12.00:30.00
135,135,135,135,24.00-8.00-1.00 12.00:25.00
134.25,134.25,134.25,134.25,24.00-8.00-1.00 12.00:20.00
134,134,133.15,133.15,24.00-8.00-1.00 12.00:15.00
132.4,132.4,132.4,132.4,24.00-8.00-1.00 12.00:5.00
132.75,132.75,132.75,132.75,24.00-8.00-1.00 11.00:55.00
136.45,136.45,128.65,128.65,24.00-8.00-1.00 11.00:50.00
129.45,129.45,129.45,129.45,24.00-8.00-1.00 11.00:45.00
122.5,125.25,122.5,125.25,24.00-8.00-1.00 11.00:40.00
122.1,122.1,122.1,122.1,24.00-8.00-1.00 11.00:35.00
119.05,119.05,119.05,119.05,24.00-8.00-1.00 11.00:30.00
124,124,124,124,24.00-8.00-1.00 11.00:25.00
119.25,121.45,119.25,121.45,24.00-8.00-1.00 11.00:15.00
120,120.65,118.2,118.2,24.00-8.00-1.00 11.00:10.00
122.75,125.15,122.75,125.15,24.00-8.00-1.00 11.00:0.00
123.5,123.5,123.5,123.5,24.00-8.00-1.00 10.00:55.00
121.45,121.45,121.45,121.45,24.00-8.00-1.00 10.00:35.00
119.75,119.75,117.9,117.9,24.00-8.00-1.00 10.00:30.00
120.8,120.8,120.8,120.8,24.00-8.00-1.00 10.00:25.00
116.75,120.5,116.75,117.25,24.00-8.00-1.00 10.00:20.00
117.9,117.9,117.9,117.9,24.00-8.00-1.00 10.00:15.00
122.5,122.5,118,118,24.00-8.00-1.00 10.00:10.00
122.9,122.9,122.5,122.5,24.00-8.00-1.00 10.00:5.00
123.9,123.9,123.9,123.9,24.00-8.00-1.00 10.00:0.00
116.25,116.25,116.25,116.25,24.00-8.00-1.00 9.00:55.00
120.15,120.15,120.15,120.15,24.00-8.00-1.00 9.00:50.00
116.2,116.2,116.2,116.2,24.00-8.00-1.00 9.00:40.00
118.55,119.95,118.55,119.95,24.00-8.00-1.00 9.00:35.00
120,122.35,117.5,118,24.00-8.00-1.00 9.00:30.00
122.9,122.9,117.8,117.8,24.00-8.00-1.00 9.00:25.00
128,128,122.9,122.9,24.00-8.00-1.00 9.00:20.00
140,140,130.75,130.75,24.00-8.00-1.00 9.00:15.00
151.85,151.85,145.45,145.45,24.00-7.00-31.00 15.00:25.00
153.85,153.85,153.85,153.85,24.00-7.00-31.00 15.00:15.00
153,153,153,153,24.00-7.00-31.00 15.00:5.00
159.7,159.7,159.7,159.7,24.00-7.00-31.00 14.00:55.00
150,150,150,150,24.00-7.00-31.00 14.00:25.00
161.5,161.5,161.5,161.5,24.00-7.00-31.00 14.00:20.00
166.35,166.35,159.15,159.15,24.00-7.00-31.00 12.00:10.00
168.9,168.9,168.9,168.9,24.00-7.00-31.00 11.00:30.00
164,167.9,164,167.9,24.00-7.00-31.00 11.00:25.00
157.9,157.9,157.9,157.9,24.00-7.00-31.00 10.00:55.00
154.4,155.2,153.15,155.2,24.00-7.00-31.00 10.00:40.00
157.35,157.35,157.35,157.35,24.00-7.00-31.00 10.00:35.00
154,154,153.05,153.2,24.00-7.00-31.00 10.00:20.00
157,157,155.9,157,24.00-7.00-31.00 10.00:15.00
161.05,161.05,161.05,161.05,24.00-7.00-31.00 10.00:10.00
165.15,165.15,165.15,165.15,24.00-7.00-31.00 9.00:50.00
174.15,174.15,174.15,174.15,24.00-7.00-30.00 15.00:25.00
170.75,170.75,170.45,170.45,24.00-7.00-30.00 15.00:20.00
168.6,168.6,168.6,168.6,24.00-7.00-30.00 15.00:15.00
176,176.45,176,176.45,24.00-7.00-30.00 15.00:10.00
172.9,172.9,172,172,24.00-7.00-30.00 15.00:5.00
166,166,166,166,24.00-7.00-30.00 15.00:0.00
162.8,164,162.8,164,24.00-7.00-30.00 14.00:55.00
152.55,152.55,152.55,152.55,24.00-7.00-30.00 14.00:45.00
156,156,154,154,24.00-7.00-30.00 14.00:40.00
159,159,158,159,24.00-7.00-30.00 14.00:20.00
157.9,157.9,157.9,157.9,24.00-7.00-30.00 14.00:15.00
168.45,168.45,168.45,168.45,24.00-7.00-30.00 14.00:5.00
170,170,170,170,24.00-7.00-30.00 13.00:35.00
178.65,178.65,178.65,178.65,24.00-7.00-30.00 13.00:30.00
175.45,175.45,175,175,24.00-7.00-30.00 13.00:25.00
173,173,172,173,24.00-7.00-30.00 13.00:20.00
174.25,174.25,174.25,174.25,24.00-7.00-30.00 13.00:15.00
163,163,161,161,24.00-7.00-30.00 13.00:5.00
166,169.25,166,166,24.00-7.00-30.00 12.00:55.00
164.05,164.45,164.05,164.45,24.00-7.00-30.00 12.00:35.00
160.6,160.6,160.6,160.6,24.00-7.00-30.00 12.00:15.00
160.6,160.6,160.6,160.6,24.00-7.00-30.00 11.00:45.00
161.5,161.5,161.5,161.5,24.00-7.00-30.00 11.00:35.00
163.1,163.1,163.1,163.1,24.00-7.00-30.00 11.00:20.00
163,163,163,163,24.00-7.00-30.00 11.00:15.00
168.6,168.6,168.6,168.6,24.00-7.00-30.00 11.00:5.00
168,168,162.9,162.9,24.00-7.00-30.00 11.00:0.00
165,165,165,165,24.00-7.00-30.00 10.00:55.00
169,169,169,169,24.00-7.00-30.00 10.00:50.00
172.45,172.45,170.2,170.3,24.00-7.00-30.00 10.00:45.00
176.85,176.85,176.85,176.85,24.00-7.00-30.00 10.00:35.00
177.4,177.4,176,176.85,24.00-7.00-30.00 10.00:30.00
180.85,180.85,178.5,178.5,24.00-7.00-30.00 10.00:25.00
172.45,172.45,172.45,172.45,24.00-7.00-30.00 9.00:45.00
180,180,180,180,24.00-7.00-30.00 9.00:35.00
187.55,187.55,187.55,187.55,24.00-7.00-30.00 9.00:30.00
183.3,187.55,183.3,187.55,24.00-7.00-30.00 9.00:25.00
209.3,209.35,194.4,194.4,24.00-7.00-30.00 9.00:15.00
184.55,190.1,184.55,190.1,24.00-7.00-29.00 15.00:25.00
184.55,184.55,184.55,184.55,24.00-7.00-29.00 15.00:20.00
197.2,197.2,192.55,192.55,24.00-7.00-29.00 15.00:15.00
197.2,197.2,197.2,197.2,24.00-7.00-29.00 15.00:10.00
201,208,201,206.6,24.00-7.00-29.00 15.00:5.00
189.1,189.1,189.1,189.1,24.00-7.00-29.00 14.00:30.00
208.75,208.75,208.75,208.75,24.00-7.00-29.00 14.00:25.00
216,216,213.6,213.6,24.00-7.00-29.00 14.00:20.00
206.75,206.75,206.75,206.75,24.00-7.00-29.00 14.00:15.00
200,200,200,200,24.00-7.00-29.00 14.00:10.00
200,200,200,200,24.00-7.00-29.00 14.00:0.00
187.3,187.3,187.3,187.3,24.00-7.00-29.00 13.00:50.00
191.5,191.5,191.5,191.5,24.00-7.00-29.00 13.00:45.00
191.5,191.5,186,186,24.00-7.00-29.00 13.00:30.00
188.7,188.75,188.7,188.75,24.00-7.00-29.00 13.00:25.00
188.75,188.75,188.75,188.75,24.00-7.00-29.00 13.00:20.00
193.9,193.9,191.6,191.6,24.00-7.00-29.00 13.00:15.00
191.1,191.1,191.1,191.1,24.00-7.00-29.00 13.00:10.00
188,188,188,188,24.00-7.00-29.00 12.00:50.00
177.3,188.25,177.3,186.3,24.00-7.00-29.00 12.00:40.00
186,188.9,186,188.9,24.00-7.00-29.00 12.00:35.00
180.05,183.45,180.05,183.45,24.00-7.00-29.00 12.00:30.00
191.6,191.6,180.05,180.05,24.00-7.00-29.00 12.00:25.00
201.8,201.8,180.05,180.05,24.00-7.00-29.00 12.00:20.00
165.35,213.9,165.35,213.9,24.00-7.00-29.00 12.00:15.00
169.6,169.6,169.6,169.6,24.00-7.00-29.00 12.00:10.00
159.5,159.5,159.5,159.5,24.00-7.00-29.00 12.00:5.00
154,154,154,154,24.00-7.00-29.00 12.00:0.00
154,154,154,154,24.00-7.00-29.00 11.00:55.00
152.15,155.8,151.7,153.15,24.00-7.00-29.00 11.00:50.00
151.7,151.95,151.7,151.95,24.00-7.00-29.00 11.00:45.00
147.8,150.35,147.8,150.35,24.00-7.00-29.00 11.00:40.00
152.15,152.15,151.15,151.15,24.00-7.00-29.00 11.00:35.00
156.25,156.25,152,152,24.00-7.00-29.00 11.00:30.00
159.1,159.1,159.1,159.1,24.00-7.00-29.00 11.00:20.00
161.15,161.15,160.95,160.95,24.00-7.00-29.00 11.00:15.00
160.2,160.35,160.2,160.35,24.00-7.00-29.00 11.00:10.00
163.55,163.55,162.3,162.3,24.00-7.00-29.00 11.00:5.00
157.5,157.5,157.5,157.5,24.00-7.00-29.00 11.00:0.00
175,175,175,175,24.00-7.00-29.00 10.00:50.00
182.2,182.2,182.2,182.2,24.00-7.00-29.00 10.00:20.00
186.15,186.15,186.15,186.15,24.00-7.00-29.00 10.00:15.00
182,186.15,182,186.15,24.00-7.00-29.00 10.00:10.00
177.65,182.25,177.65,182.25,24.00-7.00-29.00 10.00:0.00
177.65,177.65,177.65,177.65,24.00-7.00-29.00 9.00:55.00
177,177,176.5,176.5,24.00-7.00-29.00 9.00:50.00
177.95,177.95,177,177,24.00-7.00-29.00 9.00:45.00
177.95,177.95,177.95,177.95,24.00-7.00-29.00 9.00:40.00
180.65,180.65,178.8,178.8,24.00-7.00-29.00 9.00:30.00
178.95,180,178.95,180,24.00-7.00-29.00 9.00:25.00
170.5,174.55,170.5,170.5,24.00-7.00-29.00 9.00:20.00
166.3,170.5,162.45,170.5,24.00-7.00-29.00 9.00:15.00
203.95,203.95,199.65,199.65,24.00-7.00-26.00 15.00:25.00
202,203.1,202,203.1,24.00-7.00-26.00 15.00:20.00
195,199.9,195,199.9,24.00-7.00-26.00 15.00:15.00
200.1,200.35,195.35,200.35,24.00-7.00-26.00 15.00:10.00
210.35,210.35,210.35,210.35,24.00-7.00-26.00 15.00:5.00
207.5,207.5,207.5,207.5,24.00-7.00-26.00 15.00:0.00
208,208,208,208,24.00-7.00-26.00 14.00:55.00
214.25,214.25,214.25,214.25,24.00-7.00-26.00 14.00:45.00
215.25,216.05,215.25,216.05,24.00-7.00-26.00 14.00:40.00
215,215,215,215,24.00-7.00-26.00 14.00:35.00
222,222,216,216,24.00-7.00-26.00 14.00:25.00
222,222,222,222,24.00-7.00-26.00 14.00:5.00
223.2,223.2,223.2,223.2,24.00-7.00-26.00 14.00:0.00
214.05,228.2,214.05,228.2,24.00-7.00-26.00 13.00:55.00
218.8,218.8,218.8,218.8,24.00-7.00-26.00 13.00:40.00
218.35,218.35,215,215,24.00-7.00-26.00 13.00:35.00
223,223,221.9,221.9,24.00-7.00-26.00 13.00:30.00
218.45,219.05,218.45,219.05,24.00-7.00-26.00 13.00:25.00
223.05,223.05,221,221.45,24.00-7.00-26.00 13.00:20.00
220.55,228,220.55,228,24.00-7.00-26.00 13.00:15.00
229,229,222.2,222.85,24.00-7.00-26.00 13.00:10.00
234.95,234.95,233.4,234.8,24.00-7.00-26.00 13.00:5.00
238,238,233.1,235.55,24.00-7.00-26.00 13.00:0.00
235.1,238.8,235.1,236.55,24.00-7.00-26.00 12.00:55.00
239.85,239.85,236.15,236.15,24.00-7.00-26.00 12.00:50.00
235.3,235.3,235.3,235.3,24.00-7.00-26.00 12.00:45.00
249.25,249.25,239.6,239.6,24.00-7.00-26.00 12.00:40.00
244.05,249,243,249,24.00-7.00-26.00 12.00:35.00
257.7,257.7,245.55,247,24.00-7.00-26.00 12.00:30.00
269.15,269.15,264.3,264.3,24.00-7.00-26.00 12.00:15.00
264.7,266,264.7,266,24.00-7.00-26.00 12.00:10.00
262.45,262.45,262.45,262.45,24.00-7.00-26.00 12.00:0.00
268.6,268.6,265.55,266.3,24.00-7.00-26.00 11.00:55.00
272,272,271.95,272,24.00-7.00-26.00 11.00:45.00
276.25,276.25,276.25,276.25,24.00-7.00-26.00 11.00:40.00
276,276.4,276,276.4,24.00-7.00-26.00 11.00:35.00
272.05,276.15,272.05,276,24.00-7.00-26.00 11.00:30.00
273.1,274,273.1,274,24.00-7.00-26.00 11.00:25.00
274.5,274.5,271.75,271.75,24.00-7.00-26.00 11.00:20.00
273.45,277,273.45,277,24.00-7.00-26.00 11.00:15.00
276,276,275.55,276,24.00-7.00-26.00 11.00:10.00
279.3,279.3,279.3,279.3,24.00-7.00-26.00 11.00:5.00
284,284,279.05,279.3,24.00-7.00-26.00 11.00:0.00
289,289,288.15,288.15,24.00-7.00-26.00 10.00:55.00
293.25,293.25,293.25,293.25,24.00-7.00-26.00 10.00:50.00
293.8,295.35,289.5,295.35,24.00-7.00-26.00 10.00:45.00
293.75,293.75,293.75,293.75,24.00-7.00-26.00 10.00:40.00
293,293,291.1,291.55,24.00-7.00-26.00 10.00:35.00
295.2,295.2,290.3,292,24.00-7.00-26.00 10.00:30.00
302.9,302.9,300.3,300.3,24.00-7.00-26.00 10.00:25.00
298.35,298.35,297.05,297.05,24.00-7.00-26.00 10.00:20.00
304.75,304.75,297.15,298.55,24.00-7.00-26.00 10.00:15.00
310,310,305.4,305.7,24.00-7.00-26.00 10.00:10.00
306.4,307.35,301.15,307.35,24.00-7.00-26.00 10.00:5.00
309.65,309.65,309.6,309.6,24.00-7.00-26.00 10.00:0.00
333.8,334.75,325.95,325.95,24.00-7.00-26.00 9.00:55.00
334.3,337.7,334.3,335.6,24.00-7.00-26.00 9.00:50.00
365,365,365,365,24.00-7.00-26.00 9.00:25.00
405,405,395.65,395.65,24.00-7.00-25.00 15.00:25.00
400.65,400.65,400.65,400.65,24.00-7.00-25.00 14.00:0.00
400.65,400.65,400.65,400.65,24.00-7.00-25.00 13.00:0.00
419.7,419.7,419.7,419.7,24.00-7.00-25.00 12.00:55.00
420,420,420,420,24.00-7.00-25.00 12.00:25.00
440,440,440,440,24.00-7.00-25.00 12.00:10.00
440,440,440,440,24.00-7.00-25.00 12.00:0.00
454.05,454.95,454.05,454.95,24.00-7.00-25.00 10.00:45.00
453.5,453.5,453.5,453.5,24.00-7.00-25.00 10.00:40.00
461.5,468.5,461.5,468.5,24.00-7.00-25.00 9.00:35.00
450,450,450,450,24.00-7.00-25.00 9.00:30.00
371.65,371.65,371.65,371.65,24.00-7.00-24.00 15.00:5.00
445,445,445,445,24.00-7.00-24.00 12.00:15.00
420,420,420,420,24.00-7.00-24.00 12.00:10.00
420,420,420,420,24.00-7.00-24.00 12.00:5.00
552.1,552.1,410,410,24.00-7.00-24.00 9.00:45.00
400,400,400,400,24.00-7.00-24.00 9.00:25.00
400,400,400,400,24.00-7.00-24.00 9.00:15.00
400,400,400,400,24.00-7.00-23.00 14.00:25.00
406,406,406,406,24.00-7.00-23.00 14.00:10.00
406.25,406.25,406.25,406.25,24.00-7.00-23.00 14.00:0.00
550,550,550,550,24.00-7.00-23.00 12.00:25.00
555,555,555,555,24.00-7.00-23.00 12.00:20.00
420.6,421.85,420.5,421.85,24.00-7.00-22.00 15.00:20.00
411.75,421.65,411.75,421.2,24.00-7.00-22.00 15.00:15.00
409.05,409.05,409.05,409.05,24.00-7.00-22.00 14.00:25.00
404.5,404.5,404.5,404.5,24.00-7.00-22.00 13.00:50.00
424.5,424.5,424.5,424.5,24.00-7.00-22.00 13.00:15.00
403.05,412.8,403.05,412.8,24.00-7.00-22.00 13.00:10.00
444.25,444.25,407.5,407.5,24.00-7.00-22.00 12.00:50.00
444.15,444.15,444.15,444.15,24.00-7.00-22.00 12.00:35.00
410,410,410,410,24.00-7.00-22.00 12.00:5.00
395,400,395,400,24.00-7.00-22.00 11.00:50.00
413.5,413.5,413.5,413.5,24.00-7.00-22.00 11.00:20.00
362.8,362.8,362.8,362.8,24.00-7.00-22.00 10.00:50.00
372.45,372.45,372.45,372.45,24.00-7.00-22.00 10.00:40.00
361.8,361.8,361.8,361.8,24.00-7.00-22.00 10.00:35.00
385,390,385,390,24.00-7.00-22.00 10.00:25.00
407.9,407.9,407.9,407.9,24.00-7.00-22.00 10.00:20.00
407.9,407.9,407.9,407.9,24.00-7.00-22.00 9.00:55.00
403.8,403.8,403.8,403.8,24.00-7.00-22.00 9.00:30.00
404,404,404,404,24.00-7.00-19.00 15.00:25.00
406.25,406.25,406.25,406.25,24.00-7.00-19.00 15.00:15.00
399,399,399,399,24.00-7.00-19.00 15.00:5.00
390.4,390.4,390.4,390.4,24.00-7.00-19.00 14.00:55.00
390.4,390.4,390.4,390.4,24.00-7.00-19.00 14.00:45.00
400.55,400.55,400.55,400.55,24.00-7.00-19.00 14.00:40.00
362,362,362,362,24.00-7.00-19.00 14.00:10.00
335.9,335.9,335.9,335.9,24.00-7.00-19.00 13.00:5.00
331,331,331,331,24.00-7.00-19.00 11.00:40.00
343.3,343.3,343.3,343.3,24.00-7.00-19.00 11.00:0.00
